INSERT INTO Seller VALUES ('S1001', 'Seller_1', 'Address_1', 9000000001, 'pass1');
INSERT INTO Seller VALUES ('S1002', 'Seller_2', 'Address_2', 9000000002, 'pass2');
INSERT INTO Seller VALUES ('S1003', 'Seller_3', 'Address_3', 9000000003, 'pass3');
INSERT INTO Seller VALUES ('S1004', 'Seller_4', 'Address_4', 9000000004, 'pass4');
INSERT INTO Seller VALUES ('S1005', 'Seller_5', 'Address_5', 9000000005, 'pass5');
INSERT INTO Seller VALUES ('S1006', 'Seller_6', 'Address_6', 9000000006, 'pass6');
INSERT INTO Seller VALUES ('S1007', 'Seller_7', 'Address_7', 9000000007, 'pass7');
INSERT INTO Seller VALUES ('S1008', 'Seller_8', 'Address_8', 9000000008, 'pass8');
INSERT INTO Seller VALUES ('S1009', 'Seller_9', 'Address_9', 9000000009, 'pass9');
INSERT INTO Seller VALUES ('S1010', 'Seller_10', 'Address_10', 9000000010, 'pass10');
INSERT INTO Seller VALUES ('S1011', 'Seller_11', 'Address_11', 9000000011, 'pass11');
INSERT INTO Seller VALUES ('S1012', 'Seller_12', 'Address_12', 9000000012, 'pass12');
INSERT INTO Seller VALUES ('S1013', 'Seller_13', 'Address_13', 9000000013, 'pass13');
INSERT INTO Seller VALUES ('S1014', 'Seller_14', 'Address_14', 9000000014, 'pass14');
INSERT INTO Seller VALUES ('S1015', 'Seller_15', 'Address_15', 9000000015, 'pass15');
INSERT INTO Seller VALUES ('S1016', 'Seller_16', 'Address_16', 9000000016, 'pass16');
INSERT INTO Seller VALUES ('S1017', 'Seller_17', 'Address_17', 9000000017, 'pass17');
INSERT INTO Seller VALUES ('S1018', 'Seller_18', 'Address_18', 9000000018, 'pass18');
INSERT INTO Seller VALUES ('S1019', 'Seller_19', 'Address_19', 9000000019, 'pass19');
INSERT INTO Seller VALUES ('S1020', 'Seller_20', 'Address_20', 9000000020, 'pass20');

-- Customers
INSERT INTO Customer VALUES ('C2001', 'Customer_1', 9100000001, 'custpass1', 'Street_1', 100001);
INSERT INTO Customer VALUES ('C2002', 'Customer_2', 9100000002, 'custpass2', 'Street_2', 100002);
INSERT INTO Customer VALUES ('C2003', 'Customer_3', 9100000003, 'custpass3', 'Street_3', 100003);
INSERT INTO Customer VALUES ('C2004', 'Customer_4', 9100000004, 'custpass4', 'Street_4', 100004);
INSERT INTO Customer VALUES ('C2005', 'Customer_5', 9100000005, 'custpass5', 'Street_5', 100005);
INSERT INTO Customer VALUES ('C2006', 'Customer_6', 9100000006, 'custpass6', 'Street_6', 100006);
INSERT INTO Customer VALUES ('C2007', 'Customer_7', 9100000007, 'custpass7', 'Street_7', 100007);
INSERT INTO Customer VALUES ('C2008', 'Customer_8', 9100000008, 'custpass8', 'Street_8', 100008);
INSERT INTO Customer VALUES ('C2009', 'Customer_9', 9100000009, 'custpass9', 'Street_9', 100009);
INSERT INTO Customer VALUES ('C2010', 'Customer_10', 9100000010, 'custpass10', 'Street_10', 100010);
INSERT INTO Customer VALUES ('C2011', 'Customer_11', 9100000011, 'custpass11', 'Street_11', 100011);
INSERT INTO Customer VALUES ('C2012', 'Customer_12', 9100000012, 'custpass12', 'Street_12', 100012);
INSERT INTO Customer VALUES ('C2013', 'Customer_13', 9100000013, 'custpass13', 'Street_13', 100013);
INSERT INTO Customer VALUES ('C2014', 'Customer_14', 9100000014, 'custpass14', 'Street_14', 100014);
INSERT INTO Customer VALUES ('C2015', 'Customer_15', 9100000015, 'custpass15', 'Street_15', 100015);
INSERT INTO Customer VALUES ('C2016', 'Customer_16', 9100000016, 'custpass16', 'Street_16', 100016);
INSERT INTO Customer VALUES ('C2017', 'Customer_17', 9100000017, 'custpass17', 'Street_17', 100017);
INSERT INTO Customer VALUES ('C2018', 'Customer_18', 9100000018, 'custpass18', 'Street_18', 100018);
INSERT INTO Customer VALUES ('C2019', 'Customer_19', 9100000019, 'custpass19', 'Street_19', 100019);
INSERT INTO Customer VALUES ('C2020', 'Customer_20', 9100000020, 'custpass20', 'Street_20', 100020);

-- Carts
INSERT INTO Cart VALUES ('CRT001', 'C2001');
INSERT INTO Cart VALUES ('CRT002', 'C2002');
INSERT INTO Cart VALUES ('CRT003', 'C2003');
INSERT INTO Cart VALUES ('CRT004', 'C2004');
INSERT INTO Cart VALUES ('CRT005', 'C2005');
INSERT INTO Cart VALUES ('CRT006', 'C2006');
INSERT INTO Cart VALUES ('CRT007', 'C2007');
INSERT INTO Cart VALUES ('CRT008', 'C2008');
INSERT INTO Cart VALUES ('CRT009', 'C2009');
INSERT INTO Cart VALUES ('CRT010', 'C2010');
INSERT INTO Cart VALUES ('CRT011', 'C2011');
INSERT INTO Cart VALUES ('CRT012', 'C2012');
INSERT INTO Cart VALUES ('CRT013', 'C2013');
INSERT INTO Cart VALUES ('CRT014', 'C2014');
INSERT INTO Cart VALUES ('CRT015', 'C2015');
INSERT INTO Cart VALUES ('CRT016', 'C2016');
INSERT INTO Cart VALUES ('CRT017', 'C2017');
INSERT INTO Cart VALUES ('CRT018', 'C2018');
INSERT INTO Cart VALUES ('CRT019', 'C2019');
INSERT INTO Cart VALUES ('CRT020', 'C2020');

-- Products (modified to include female products with size M)
INSERT INTO Product VALUES ('P3001', 'Cap', 'M', 'U', 'Kids', 'Review for Cap 1', 1555, 28, 'S1018');
INSERT INTO Product VALUES ('P3002', 'Dress', 'M', 'F', 'Kids', 'Review for Dress 2', 1930, 15, 'S1016');
INSERT INTO Product VALUES ('P3003', 'T-Shirt', 'M', 'F', 'Adult', 'Review for T-Shirt 3', 256, 18, 'S1006');
INSERT INTO Product VALUES ('P3004', 'Jeans', 'M', 'F', 'Kids', 'Review for Jeans 4', 653, 15, 'S1014');
INSERT INTO Product VALUES ('P3005', 'Jacket', 'M', 'F', 'Adult', 'Review for Jacket 5', 1497, 8, 'S1011');
INSERT INTO Product VALUES ('P3006', 'Jeans', 'L', 'U', 'Kids', 'Review for Jeans 6', 1044, 22, 'S1015');
INSERT INTO Product VALUES ('P3007', 'T-Shirt', 'M', 'U', 'Kids', 'Review for T-Shirt 7', 739, 5, 'S1010');
INSERT INTO Product VALUES ('P3008', 'Jacket', 'Free', 'M', 'Adult', 'Review for Jacket 8', 480, 12, 'S1019');
INSERT INTO Product VALUES ('P3009', 'Dress', 'M', 'F', 'Adult', 'Review for Dress 9', 1480, 28, 'S1010');
INSERT INTO Product VALUES ('P3010', 'Jeans', 'M', 'F', 'Kids', 'Review for Jeans 10', 1090, 9, 'S1011');
INSERT INTO Product VALUES ('P3011', 'Cap', 'S', 'F', 'Kids', 'Review for Cap 11', 1612, 23, 'S1011');
INSERT INTO Product VALUES ('P3012', 'Cap', 'M', 'F', 'Kids', 'Review for Cap 12', 1973, 17, 'S1003');
INSERT INTO Product VALUES ('P3013', 'Jacket', 'XL', 'U', 'Kids', 'Review for Jacket 13', 1474, 25, 'S1001');
INSERT INTO Product VALUES ('P3014', 'Cap', 'L', 'M', 'Adult', 'Review for Cap 14', 798, 18, 'S1014');
INSERT INTO Product VALUES ('P3015', 'Jacket', 'Free', 'U', 'Adult', 'Review for Jacket 15', 1185, 6, 'S1018');
INSERT INTO Product VALUES ('P3016', 'Dress', 'L', 'F', 'Adult', 'Review for Dress 16', 1262, 28, 'S1004');
INSERT INTO Product VALUES ('P3017', 'T-Shirt', 'L', 'M', 'Kids', 'Review for T-Shirt 17', 1813, 26, 'S1014');
INSERT INTO Product VALUES ('P3018', 'Jacket', 'S', 'M', 'Kids', 'Review for Jacket 18', 694, 30, 'S1015');
INSERT INTO Product VALUES ('P3019', 'Jeans', 'XL', 'U', 'Kids', 'Review for Jeans 19', 1162, 10, 'S1014');
INSERT INTO Product VALUES ('P3020', 'Cap', 'L', 'M', 'Adult', 'Review for Cap 20', 1649, 21, 'S1013');

-- Cart Items (corrected values)
INSERT INTO Cart_item VALUES ('CRT001', 'P3011', 3, '2025-05-01', 'no', 4836);
INSERT INTO Cart_item VALUES ('CRT002', 'P3011', 3, '2025-05-01', 'yes', 4836);
INSERT INTO Cart_item VALUES ('CRT003', 'P3012', 1, '2025-05-01', 'no', 1973);
INSERT INTO Cart_item VALUES ('CRT004', 'P3015', 1, '2025-05-04', 'yes', 1185);
INSERT INTO Cart_item VALUES ('CRT005', 'P3018', 1, '2025-04-27', 'yes', 694);
INSERT INTO Cart_item VALUES ('CRT006', 'P3008', 1, '2025-05-02', 'yes', 480);
INSERT INTO Cart_item VALUES ('CRT007', 'P3018', 3, '2025-05-06', 'yes', 2082);
INSERT INTO Cart_item VALUES ('CRT008', 'P3019', 1, '2025-05-01', 'no', 1162);
INSERT INTO Cart_item VALUES ('CRT009', 'P3006', 2, '2025-04-28', 'yes', 2088);
INSERT INTO Cart_item VALUES ('CRT010', 'P3004', 3, '2025-05-01', 'no', 1959);
INSERT INTO Cart_item VALUES ('CRT011', 'P3015', 1, '2025-05-06', 'yes', 1185);
INSERT INTO Cart_item VALUES ('CRT012', 'P3019', 3, '2025-05-04', 'yes', 3486);
INSERT INTO Cart_item VALUES ('CRT013', 'P3018', 3, '2025-05-06', 'yes', 2082);
INSERT INTO Cart_item VALUES ('CRT014', 'P3014', 1, '2025-04-30', 'yes', 798);
INSERT INTO Cart_item VALUES ('CRT015', 'P3001', 3, '2025-05-01', 'no', 4665);
INSERT INTO Cart_item VALUES ('CRT016', 'P3011', 3, '2025-04-29', 'no', 4836);
INSERT INTO Cart_item VALUES ('CRT017', 'P3020', 3, '2025-04-27', 'no', 4947);
INSERT INTO Cart_item VALUES ('CRT018', 'P3017', 2, '2025-05-05', 'yes', 3626);
INSERT INTO Cart_item VALUES ('CRT019', 'P3017', 2, '2025-04-30', 'no', 3626);
INSERT INTO Cart_item VALUES ('CRT020', 'P3019', 2, '2025-04-30', 'no', 2324);

-- Payments
INSERT INTO Payment VALUES ('PAY5001', 1489, '2025-05-01', 'C2002');
INSERT INTO Payment VALUES ('PAY5002', 1348, '2025-05-04', 'C2006');
INSERT INTO Payment VALUES ('PAY5003', 2479, '2025-04-29', 'C2013');
INSERT INTO Payment VALUES ('PAY5004', 1780, '2025-05-05', 'C2017');
INSERT INTO Payment VALUES ('PAY5005', 1987, '2025-05-02', 'C2009');
INSERT INTO Payment VALUES ('PAY5006', 939, '2025-05-06', 'C2001');
INSERT INTO Payment VALUES ('PAY5007', 2049, '2025-04-27', 'C2008');
INSERT INTO Payment VALUES ('PAY5008', 2884, '2025-04-27', 'C2003');
INSERT INTO Payment VALUES ('PAY5009', 1704, '2025-05-06', 'C2001');
INSERT INTO Payment VALUES ('PAY5010', 2792, '2025-05-06', 'C2004');
INSERT INTO Payment VALUES ('PAY5011', 1811, '2025-05-06', 'C2007');
INSERT INTO Payment VALUES ('PAY5012', 1984, '2025-04-28', 'C2011');
INSERT INTO Payment VALUES ('PAY5013', 467, '2025-05-04', 'C2009');
INSERT INTO Payment VALUES ('PAY5014', 2503, '2025-05-03', 'C2014');
INSERT INTO Payment VALUES ('PAY5015', 2276, '2025-05-01', 'C2006');
INSERT INTO Payment VALUES ('PAY5016', 358, '2025-04-28', 'C2007');
INSERT INTO Payment VALUES ('PAY5017', 2046, '2025-04-30', 'C2004');
INSERT INTO Payment VALUES ('PAY5018', 1319, '2025-05-02', 'C2010');
INSERT INTO Payment VALUES ('PAY5019', 2104, '2025-05-06', 'C2017');
INSERT INTO Payment VALUES ('PAY5020', 1797, '2025-05-05', 'C2002');

-- Shipping
INSERT INTO Shipping VALUES ('TRK001', 'C2017', 'S1011');
INSERT INTO Shipping VALUES ('TRK002', 'C2002', 'S1015');
INSERT INTO Shipping VALUES ('TRK003', 'C2003', 'S1012');
INSERT INTO Shipping VALUES ('TRK004', 'C2014', 'S1011');
INSERT INTO Shipping VALUES ('TRK005', 'C2012', 'S1018');
INSERT INTO Shipping VALUES ('TRK006', 'C2017', 'S1017');
INSERT INTO Shipping VALUES ('TRK007', 'C2008', 'S1007');
INSERT INTO Shipping VALUES ('TRK008', 'C2014', 'S1020');
INSERT INTO Shipping VALUES ('TRK009', 'C2016', 'S1017');
INSERT INTO Shipping VALUES ('TRK010', 'C2020', 'S1018');
INSERT INTO Shipping VALUES ('TRK011', 'C2004', 'S1013');
INSERT INTO Shipping VALUES ('TRK012', 'C2012', 'S1005');
INSERT INTO Shipping VALUES ('TRK013', 'C2020', 'S1019');
INSERT INTO Shipping VALUES ('TRK014', 'C2003', 'S1016');
INSERT INTO Shipping VALUES ('TRK015', 'C2008', 'S1009');
INSERT INTO Shipping VALUES ('TRK016', 'C2018', 'S1019');
INSERT INTO Shipping VALUES ('TRK017', 'C2020', 'S1007');
INSERT INTO Shipping VALUES ('TRK018', 'C2005', 'S1018');
INSERT INTO Shipping VALUES ('TRK019', 'C2002', 'S1007');
INSERT INTO Shipping VALUES ('TRK020', 'C2013', 'S1012');
